--? Régions

INSERT INTO Region VALUES
('76','Occitanie'),
('01','Guadeloupe'),
('02','Martinique'),
('03','Guyane'),
('04','La Réunion'),
('06','Mayotte'),
('11','Île-de-France'),
('24','Centre-Val de Loire'),
('27','Bourgogne-Franche-Comté'),
('28','Normandie'),
('32','Hauts-de-France'),
('44','Grand Est'),
('52','Pays de la Loire'),
('53','Bretagne'),
('75','Nouvelle-Aquitaine'),
('84','Auvergne-Rhône-Alpes'),
('93','Provence-Alpes-Côte d Azur'),
('94','Corse');


INSERT INTO Departement VALUES 
('34', 'HERAULT', '34172', '76'),
('30', 'GARD', '30189', '76'),
('1', 'AIN', '1053', '84'),
('2', 'AISNE', '2408', '32'),
('3', 'ALLIER', '3190', '84'),
('4', 'ALPES DE HAUTE PROVENCE', '4070', '93'),
('5', 'HAUTES ALPES', '5061', '93'),
('6', 'ALPES MARITIMES', '6088', '93'),
('7', 'ARDECHE', '7186', '84'),
('8', 'ARDENNES', '8105', '44'),
('9', 'ARIEGE', '9122', '76'),
('10', 'AUBE', '10387', '44'),
('11', 'AUDE', '11069', '76'),
('12', 'AVEYRON', '12202', '76'),
('13', 'BOUCHES DU RHONE', '13055', '93'),
('14', 'CALVADOS', '14118', '28'),
('15', 'CANTAL', '15014', '84'),
('16', 'CHARENTE', '16015', '75'),
('17', 'CHARENTE MARITIME', '17300', '75'),
('18', 'CHER', '18033', '24'),
('19', 'CORREZE', '19272', '75'),
('21', 'COTE D OR', '21231', '27'),
('22', 'COTES D ARMOR', '22278', '53'),
('23', 'CREUSE', '23096', '75'),
('24', 'DORDOGNE', '24322', '75'),
('25', 'DOUBS', '25056', '27'),
('26', 'DROME', '26362', '84'),
('27', 'EURE', '27229', '28'),
('28', 'EURE ET LOIR', '28085', '24'),
('29', 'FINISTERE', '29232', '53'),
('2A', 'CORSE DU SUD', '2A004', '94'),
('2B', 'HAUTE CORSE', '2B033', '94'),
('31', 'HAUTE GARONNE', '31555', '76'),
('32', 'GERS', '32013', '76'),
('33', 'GIRONDE', '33063', '75'),
('35', 'ILLE ET VILAINE', '35238', '53'),
('36', 'INDRE', '36044', '24'),
('37', 'INDRE ET LOIRE', '37261', '24'),
('38', 'ISERE', '38185', '84'),
('39', 'JURA', '39300', '27'),
('40', 'LANDES', '40192', '75'),
('41', 'LOIR ET CHER', '41018', '24'),
('42', 'LOIRE', '42218', '84'),
('43', 'HAUTE LOIRE', '43157', '84'),
('44', 'LOIRE ATLANTIQUE', '44109', '52'),
('45', 'LOIRET', '45234', '24'),
('46', 'LOT', '46042', '76'),
('47', 'LOT ET GARONNE', '47001', '75'),
('48', 'LOZERE', '48095', '76'),
('49', 'MAINE ET LOIRE', '49007', '52'),
('50', 'MANCHE', '50502', '28'),
('51', 'MARNE', '51108', '44'),
('52', 'HAUTE MARNE', '52121', '44'),
('53', 'MAYENNE', '53130', '52'),
('54', 'MEURTHE ET MOSELLE', '54395', '44'),
('55', 'MEUSE', '55029', '44'),
('56', 'MORBIHAN', '56260', '53'),
('57', 'MOSELLE', '57463', '44'),
('58', 'NIEVRE', '58194', '27'),
('59', 'NORD', '59350', '32'),
('60', 'OISE', '60057', '32'),
('61', 'ORNE', '61001', '28'),
('62', 'PAS DE CALAIS', '62041', '32'),
('63', 'PUY DE DOME', '63113', '84'),
('64', 'PYRENEES ATLANTIQUES', '64445', '75'),
('65', 'HAUTES PYRENEES', '65440', '76'),
('66', 'PYRENEES ORIENTALES', '66136', '76'),
('67', 'BAS RHIN', '67482', '44'),
('68', 'HAUT RHIN', '68066', '44'),
('69', 'RHONE', '69123', '84'),
('70', 'HAUTE SAONE', '70550', '27'),
('71', 'SAONE ET LOIRE', '71270', '27'),
('72', 'SARTHE', '72181', '52'),
('73', 'SAVOIE', '73065', '84'),
('74', 'HAUTE SAVOIE', '74010', '84'),
('75', 'PARIS', '75056', '11'),
('76', 'SEINE MARITIME', '76540', '28'),
('77', 'SEINE ET MARNE', '77288', '11'),
('78', 'YVELINES', '78646', '11'),
('79', 'DEUX SEVRES', '79191', '75'),
('80', 'SOMME', '80021', '32'),
('81', 'TARN', '81004', '76'),
('82', 'TARN ET GARONNE', '82121', '76'),
('83', 'VAR', '83137', '93'),
('84', 'VAUCLUSE', '84007', '93'),
('85', 'VENDEE', '85191', '52'),
('86', 'VIENNE', '86194', '75'),
('87', 'HAUTE VIENNE', '87085', '75'),
('88', 'VOSGES', '88160', '44'),
('89', 'YONNE', '89024', '27'),
('90', 'TERRITOIRE DE BELFORT', '90010', '27'),
('91', 'ESSONNE', '91228', '11'),
('92', 'HAUTS DE SEINE', '92050', '11'),
('93', 'SEINE SAINT DENIS', '93008', '11'),
('94', 'VAL DE MARNE', '94028', '11'),
('95', 'VAL D OISE', '95500', '11'),
('971', 'GUADELOUPE', '97105', '01'),
('972', 'MARTINIQUE', '97209', '02'),
('973', 'GUYANE', '97302', '03'),
('974', 'LA REUNION', '97411', '04'),
('976', 'MAYOTTE', '97608', '06');

INSERT INTO Region VALUES
('76','Occitanie');

INSERT INTO Departement VALUES 
('34', 'HERAULT', '34172', '76'),
('30', 'GARD', '30189', '76');

insert into  lieu values ('34172','MONTPELLIER',3.876716,43.610769,'34');
insert into  lieu values ('34198','PEROLS',3.954211,43.563782,'34');
insert into  lieu values ('34199','PEZENAS',3.423193,43.461531,'34');
insert into  lieu values ('34142','LODEVE',3.313975,43.73366,'34');
insert into  lieu values ('34032','BEZIERS',3.215795,43.344233,'34');
insert into  lieu values ('34129','LATTES',3.896473,43.567296,'34');
insert into  lieu values ('30334','UZES',4.419946,44.01211,'30');
insert into  lieu values ('30189','NIMES',4.360054,43.836699,'30');	



insert into monument values ('spfb05ty554b','HOTEL DUFFAU','PRIVE','HOTEL_PARTICULIER',3.87521667,43.6140222,'34172');                                          
insert into monument values ('spfb070h0d5t','HOTEL DE MONTFERRIER','PRIVE','HOTEL_PARTICULIER',3.8782,43.6109278,'34172');                                                            
insert into monument values ('spfb070hzm8g','HOTEL DE GRIFFY','PRIVE','HOTEL_PARTICULIER',3.87848611,43.611075,'34172');                                                            
insert into monument values ('spfb070q3mv0','HOTEL ESTORC','PRIVE','HOTEL_PARTICULIER',3.87857778,43.6113333,'34172');                                                       
insert into monument values ('spfb070qgp2u','HOTEL DE LA SOCIETE ROYALE DES SCIENCES','PRIVE','HOTEL_PARTICULIER',3.87864722,43.6114278,'34172');                                                            
insert into monument values ('spfb04ybz0hw','HOTEL LECOURT','PRIVE','HOTEL_PARTICULIER',3.87676389,43.6089861,'34172');                                                            
insert into monument values ('spfb04xr32w4','HOTEL DE SAINT-FELIX','PRIVE','HOTEL_PARTICULIER',3.87720556,43.6087306,'34172');                                                            
insert into monument values ('spfb05rczjtg','HOTEL DE ROQUEMORE','PRIVE','HOTEL_PARTICULIER',3.87813889,43.6119333,'34172');                                                            
insert into monument values ('spfb07248bmb','HOTEL D''AVEZE','PRIVE','HOTEL_PARTICULIER',3.87821389,43.6120333,'34172');                                                            
insert into monument values ('spfb0725nhcx','HOTEL DE BEAULAC','PRIVE','HOTEL_PARTICULIER',3.87843333,43.6121444,'34172');                                                            
insert into monument values ('spfb072k0td7','HOTEL DEYDE','PRIVE','HOTEL_PARTICULIER',3.87854167,43.6123194,'34172');                                                                                                                 
insert into monument values ('spfb07210dtw','HOTEL DE BAUDON DE MAUNY','PRIVE','HOTEL_PARTICULIER',3.87820278,43.6117889,'34172');                                                            
insert into monument values ('spfb05nwqmvu','HOTEL DE GANGES','PRIVE','HOTEL_PARTICULIER',3.87639,43.611334,'34172');  
insert into monument values ('spfb070wrnu3','HOTEL DE JOUBERT','PRIVE','HOTEL_PARTICULIER',3.87916667,43.6113389,'34172');                                                            
insert into monument values ('spfb06bq3hfv','HOTEL DE MAGNY','PRIVE','HOTEL_PARTICULIER',3.87856389,43.6099556,'34172');                                                            
insert into monument values ('spfb0703fxke','HOTEL BASCHY-DU-CAYLA','PRIVE','HOTEL_PARTICULIER',3.87863056,43.6105694,'34172');                                                            
insert into monument values ('spfb0702ubt1','HOTEL DE MANSE','PRIVE','HOTEL_PARTICULIER',3.87872778,43.6103611,'34172');                                                            
insert into monument values ('spfb05n1zkf3','HOTEL VERCHANT','PRIVE','HOTEL_PARTICULIER',3.87574167,43.6105556,'34172');                                                            
insert into monument values ('spfb05r6jkf7','HOTEL DE SOLAS','PRIVE','HOTEL_PARTICULIER',3.87737222,43.6119722,'34172');                                                            
insert into monument values ('spfb05r1yesc','HOTEL D''USTON','PRIVE','HOTEL_PARTICULIER',3.87708611,43.6119222,'34172');                                                            
insert into monument values ('spfb04yhhc7d','HOTEL DE MONTCALM','PRIVE','HOTEL_PARTICULIER',3.87563611,43.60955,'34172');                                                            
insert into monument values ('spfb068j1fdv','HOTEL LAMOUROUX','PRIVE','HOTEL_PARTICULIER',3.87825278,43.6083556,'34172');                                                                                                               
insert into monument values ('spfb04xgf629','HOTEL REY','PRIVE','HOTEL_PARTICULIER',3.87792778,43.6081389,'34172');                                                            
insert into monument values ('spfb04xehcqt','HOTEL DE FOURQUES','PRIVE','HOTEL_PARTICULIER',3.8777,43.6080056,'34172');                                                            
insert into monument values ('spfb06b5cb0b','HOTEL DE BENEZET','PRIVE','HOTEL_PARTICULIER',3.87825,43.6095,'34172');                                                            
insert into monument values ('spfb06b4s7pz','HOTEL DE FLAUGERGUES','PRIVE','HOTEL_PARTICULIER',3.87836667,43.6093028,'34172');                                                            
insert into monument values ('spfb05ptyz6b','HOTEL DE MIRMAN','PRIVE','HOTEL_PARTICULIER',3.87778056,43.6112556,'34172');                                                            
insert into monument values ('spfb0704x32z','HOTEL DE VARENNES','PRIVE','HOTEL_PARTICULIER',3.87848611,43.6106667,'34172');                                                            
insert into monument values ('spfb05jcert7','HOTEL PAS DE BEAULIEU','PRIVE','HOTEL_PARTICULIER',3.87523056,43.6105278,'34172');                                                            
insert into monument values ('spfb04v1ntsm','HOTEL DE CASTRIES','PRIVE','HOTEL_PARTICULIER',3.87433889,43.6090583,'34172');                                                            
insert into monument values ('spfb04ubqkr3','HOTEL DE RICARD','PRIVE','HOTEL_PARTICULIER',3.87398889,43.6089222,'34172');                                                            
insert into monument values ('spfb05m4pe36','HOTEL DE CAMBACERES-MURLES','PRIVE','HOTEL_PARTICULIER',3.87437778,43.6119639,'34172');                                                            
insert into monument values ('spfb073h9t9u','HOTEL DE GRAVE','PRIVE','HOTEL_PARTICULIER',3.87961389,43.6124056,'34172');                                                                                                            
insert into monument values ('spfb06bkjnx2','HOTEL DES TRESORIERS DE FRANCE','PRIVE','HOTEL_PARTICULIER',3.87874167,43.6095778,'34172');                                                            
insert into monument values ('spfb05h0fw4z','HOTEL DE LUNAS','PRIVE','HOTEL_PARTICULIER',3.87279167,43.6103917,'34172');                                                            
insert into monument values ('spfb04zhzzfh','HOTEL DE GAYON','PRIVE','HOTEL_PARTICULIER',3.87713611,43.6097139,'34172');                                                            
insert into monument values ('spfb05z3rwep','PORTE DE LA BLANQUERIE','PUBLIC','EDIFICE',3.87747,43.6146,'34172');                                                            
insert into monument values ('spfb05kxu4d5','FACULTE DE MEDECINE DE MONTPELLIER','PUBLIC','UNIVERSITE',3.87354167,43.6129472,'34172');                                                            
insert into monument values ('spf8pgvv6wse','EGLISE SAINTE-THERESE-DE-LISIEUX DE MONTPELLIER','PUBLIC','EGLISE',3.86421111,43.6152861,'34172');                                                            
insert into monument values ('spfb04fe0zkn','EGLISE SAINTE-EULALIE DE MONTPELLIER','PUBLIC','EGLISE',3.87065833,43.6094111,'34172');                                                            
insert into monument values ('spf8p5eby8du','EGLISE SAINTE-CROIX DE CELLENEUVE','PUBLIC','EGLISE',3.828675,43.6131083,'34172');                                                            
insert into monument values ('spdzbn81hv6q','EGLISE SAINT-MICHEL DE MONTELS','PUBLIC','EGLISE',3.86739444,43.5857111,'34172');                                                            
insert into monument values ('spfb15q3018t','PRIEURE SAINT-PIERRE DE MONTAUBEROU','PUBLIC','PRIEURE',3.91971667,43.6117833,'34172');                                                            
insert into monument values ('spfb05k426n3','ANCIENNE PRISON DE MONTPELLIER','PUBLIC','EDIFICE',3.8727,43.612,'34172');                                                                                                         
insert into monument values ('spfb04yzxkr1','HALLE CASTELLANE','PUBLIC','EDIFICE',3.87677778,43.6101667,'34172');                                                            
insert into monument values ('spfb055v1xfz','PORTE DU PEYROU','PUBLIC','EDIFICE',3.87240556,43.6111306,'34172');                                                            
insert into monument values ('spfb054nhrd9','PROMENADE DU PEYROU','PUBLIC','EDIFICE',3.87012,43.6113,'34172');                                                            
insert into monument values ('spfb05nw3q73','FONTAINE DE LA PREFECTURE','PUBLIC','EDIFICE',3.87617222,43.6113361,'34172');                                                            
insert into monument values ('spfb04x7htxd','HOTEL SAINT-COME','PRIVE','HOTEL_PARTICULIER',3.87734722,43.6080278,'34172');                                                            
insert into monument values ('spfb04jd7ux5','EGLISE SAINT-DENIS DE MONTPELLIER','PUBLIC','EGLISE',3.87491111,43.6051472,'34172');    
insert into monument values ('spdrjzvhx3eu','SQUARE MOLIERE','PUBLIC','SQUARE',3.4239307, 43.4613221,'34199'); 




insert into Celebrite values (1,'Moulin','Jean','Francaise','XX');
insert into Celebrite values (2,'Injalbert','Jean-Antoine','Francaise','XIX');
insert into Celebrite values (3,'Poquelin','Jean-Baptiste','Francaise','XVII');
insert into Celebrite values (4,'Chaptal','Jean-Antoine','Francaise','XVII');
insert into Celebrite values (5,'Pitot','Henri','Francaise','XVIII');
insert into Celebrite values (6,'Giral','Jean-Antoine','Francaise','XVIII');
insert into Celebrite values (7,'Donnat','Jacques','Francaise','XVIII');
insert into Celebrite values (8,'Rabelais','Francois','Francaise','XVI');
insert into Celebrite values (9,'De Villeneuve','Arnaud','Francaise','XIII');
insert into Celebrite values (10,'De Nostredame','Michel','Francaise','XVI');



insert into AssocieA values ('spdrjzvhx3eu',2);
insert into AssocieA values ('spdrjzvhx3eu',3);
insert into AssocieA values ('spfb054nhrd9',2);
insert into AssocieA values ('spfb054nhrd9',1);
insert into AssocieA values ('spfb054nhrd9',5);
insert into AssocieA values ('spfb054nhrd9',6);
insert into AssocieA values ('spfb054nhrd9',7);
insert into AssocieA values ('spfb05kxu4d5',8);
insert into AssocieA values ('spfb05kxu4d5',9);
insert into AssocieA values ('spfb05kxu4d5',10);




